feature,importance
Age,0.24021831298192217
Previous Purchases,0.2397792114714223
Review Rating,0.1971255193088065
Frequency of Purchases_encoded,0.10763303362047448
Category_encoded,0.07075192183044555
Season_encoded,0.07073932055956281
Gender_encoded,0.0276994240715956
Is_Subscriber,0.020886561963601002
Promo_Used,0.012678964962689058
Discount_Used,0.01248772922948059
